0,1,2,3,4,5,6,7,8,9,10,11,12,13,14,15,16,17,18,19,20,21,22,23,24,25,26,27,28
0.94803816,0.77839106,0.85054004,0.24635747,0.76499844,0.25734466,0.2670021,0.79056674,0.43738055,0.4995134,0.31392333,0.69882864,0.34060785,0.68058014,0.34288976,0.4646788,0.7172517,0.6993183,0.5927654,0.5776059,0.56438583,0.52445686,0.6634292,0.38217896,0.55645555,0.47351724,0.41590598,0.31458768,-0.34723225
0.87850106,0.79568267,0.75986594,0.49430805,0.75523627,0.24744177,0.24035218,0.7913275,0.41116032,0.41365415,0.59899783,0.2764457,0.47732356,0.37240162,0.37733677,0.23775698,0.43340024,0.3650445,0.6407414,0.5785727,0.570731,0.5062914,0.67016226,0.34910434,0.5968927,0.43071967,0.38866827,0.32546356,-0.3532294
0.9397345,0.768128,0.86491203,0.26736608,0.76129216,0.27509332,0.2594187,0.7957756,0.43342173,0.51689434,0.13694288,0.64219004,0.34638506,0.65263134,0.44035625,0.40527424,0.7400273,0.80110586,0.5693942,0.5778734,0.5578927,0.49830362,0.66182923,0.1926617,0.59639573,0.43837148,0.42152432,0.3137942,-0.15932222
0.6331334,0.8652483,0.4885029,0.5985254,0.66034615,0.24624607,0.13534696,0.792271,0.16824368,0.16424738,0.57180095,0.34819698,0.55028,0.40250254,0.3984436,0.14617912,0.18631153,0.09670667,0.8231062,0.58481395,0.52629364,0.53431433,0.6541387,0.47154164,0.52466744,0.44534346,0.35408986,0.28762513,0.20610286
0.91712093,0.78476423,0.7841903,0.3666555,0.7733624,0.24399355,0.24958658,0.76150113,0.4052454,0.43612364,0.37087607,0.63032264,0.5077394,0.4786713,0.41546243,0.4176305,0.7073834,0.67446136,0.56553924,0.5840334,0.546421,0.5530441,0.6627567,0.34427264,0.5947062,0.3823569,0.4192825,0.3190517,-0.3160872
0.98101187,0.77058196,0.8327192,0.2688863,0.7693238,0.265736,0.2641573,0.7855589,0.507224,0.49920806,0.33914608,0.6079311,0.55137426,0.6927857,0.32623744,0.4870411,0.7279603,0.7307279,0.60582757,0.5791499,0.5532808,0.4501436,0.66430295,0.17728926,0.59856415,0.4496315,0.41538787,0.31302482,-0.3453132
0.91960436,0.7596311,0.8548432,0.043401156,0.7649094,0.27225152,0.2597204,0.79544693,0.48832908,0.48271725,0.387673,0.76919603,0.50975245,0.64444286,0.44726083,0.37646562,0.73732626,0.6846335,0.35958955,0.56697637,0.5600918,0.54948086,0.6728412,0.19992107,0.5718561,0.27037475,0.41787577,0.31290412,-0.33155978
0.9737387,0.7813726,0.7596997,0.39579418,0.76290363,0.25535735,0.25008658,0.79283166,0.44667342,0.41426846,0.5001145,0.58464175,0.41736466,0.35791796,0.21560746,0.37340307,0.656239,0.6596662,0.5709867,0.5850096,0.5709394,0.5377447,0.6616894,0.42608687,0.609496,0.38358578,0.4285578,0.3196152,-0.08175934
0.87985295,0.78515047,0.783446,0.4437956,0.7531056,0.25306714,0.23747031,0.7904509,0.47904006,0.39335614,0.5708596,0.2958887,0.45640475,0.32980976,0.27596274,0.20917536,0.44630674,0.36988896,0.6992336,0.5798496,0.56924677,0.51684296,0.6671717,0.35291743,0.5701167,0.35611477,0.39801556,0.33120054,-0.3488315
0.96367,0.80744976,0.74011093,0.5200083,0.77617794,0.23636284,0.26080728,0.7859818,0.37050417,0.40611193,0.6681891,0.42075804,0.47823715,0.33495805,0.23426999,0.43337595,0.75392205,0.75606537,0.42212453,0.5843998,0.5648459,0.486158,0.6567635,0.35261014,0.6606881,0.5056836,0.42608806,0.3212924,-0.3492313
0.97970617,0.7686992,0.8457118,0.2800846,0.76154214,0.2526773,0.2650707,0.7841536,0.47264218,0.5083342,0.2560914,0.6861659,0.34961343,0.6647335,0.4265332,0.46139157,0.72143567,0.62950444,0.55500364,0.57817745,0.5570252,0.46920153,0.66774285,0.42685598,0.58713317,0.44182348,0.4157843,0.31343782,-0.34807187
0.80973697,0.7311674,0.7533601,0.5448061,0.7468631,0.26408058,0.24543552,0.7954728,0.37463754,0.43372676,0.5985433,0.49374208,0.4617916,0.42144886,0.4921356,0.3110502,0.47657654,0.41893226,0.66740525,0.5609048,0.5631385,0.5245684,0.6041115,0.3869017,0.514273,0.46992233,0.45049727,0.27667013,2.526912
0.9917726,0.7568916,0.83124053,0.23770297,0.75802004,0.25780344,0.26068807,0.784174,0.45682076,0.52425593,0.25110796,0.72480965,0.52921706,0.6353229,0.359787,0.41131374,0.7262359,0.7004644,0.48925182,0.5760177,0.5524805,0.45421356,0.6734245,0.5320204,0.5335664,0.45256057,0.41602746,0.3128231,-0.049974557
0.9936124,0.76861256,0.8050637,0.2667232,0.77147853,0.26274982,0.26472402,0.78490317,0.5215714,0.49713537,0.36360252,0.61447465,0.5124728,0.67733824,0.25922272,0.47102928,0.7542917,0.7030492,0.5906541,0.57780504,0.55314845,0.45384952,0.66939837,0.32983,0.56335735,0.45311114,0.41472328,0.311964,-0.3496711
0.95841914,0.7922145,0.79235435,0.30120656,0.7877732,0.24516231,0.27823746,0.7764813,0.4938002,0.43887013,0.4075956,0.5540253,0.52743816,0.4453912,0.2502366,0.50277025,0.89343977,0.84511924,0.38830605,0.5801973,0.5523885,0.46794808,0.6594282,0.38048998,0.61101556,0.3054775,0.40825057,0.30577016,-0.3492313
0.99329376,0.7685819,0.805631,0.2611519,0.7703775,0.25970906,0.2659555,0.784468,0.4698589,0.50418663,0.33590582,0.73821044,0.48006734,0.62106466,0.29840606,0.46865872,0.7329633,0.67169607,0.60111463,0.57909226,0.55609304,0.46932885,0.66953546,0.39700195,0.5652894,0.45431343,0.4153195,0.31223494,-0.34807187
0.97729284,0.7891468,0.7709149,0.4934381,0.76619977,0.2527595,0.2543375,0.7909821,0.3927591,0.45218155,0.47998115,0.5707058,0.3750406,0.39200297,0.20423141,0.42892468,0.66969293,0.6659007,0.47133932,0.58200634,0.56615216,0.5019737,0.6651082,0.33149284,0.58872986,0.44408754,0.42575818,0.3183906,-0.3492313
0.9739874,0.77088857,0.7875073,0.32825083,0.7453887,0.2565878,0.24219742,0.7993207,0.49254546,0.4488203,0.46535775,0.6081137,0.3275429,0.54614705,0.4169822,0.29982042,0.58852017,0.5495168,0.7977208,0.58208466,0.57598674,0.57913226,0.67620444,0.40607938,0.47599024,0.3378093,0.42553744,0.31211472,-0.23208739
0.97965485,0.77073824,0.8425584,0.28275335,0.7630179,0.25217184,0.2657305,0.78342354,0.4657934,0.50309753,0.2774148,0.7057588,0.43799242,0.63878274,0.42108753,0.46515498,0.73151785,0.6358685,0.54818106,0.57915074,0.55676585,0.46990478,0.6674155,0.42669117,0.5894026,0.44113094,0.4160432,0.3137308,-0.34807187
0.9630756,0.7729659,0.8020244,0.24066271,0.7736207,0.26474437,0.26631463,0.7533505,0.4360402,0.49282146,0.2700366,0.7307755,0.44319263,0.69703233,0.32921553,0.43935865,0.7109432,0.69732916,0.64366114,0.58946717,0.54588443,0.5579415,0.6584979,0.19321156,0.61797047,0.3776656,0.41936937,0.31984255,0.262196
0.991349,0.76420534,0.8326874,0.2710193,0.76186204,0.25858665,0.2624697,0.7851815,0.50317746,0.50467277,0.26246196,0.7367079,0.48682845,0.6423164,0.38631764,0.45053744,0.7193231,0.62457806,0.541848,0.5784505,0.559112,0.49604282,0.67207074,0.5241974,0.55209607,0.31475627,0.41716248,0.3127538,-0.2932981
0.88904804,0.77741975,0.7494526,0.4716239,0.7646295,0.23453994,0.21893506,0.8027511,0.35970762,0.36095256,0.6586516,0.3496388,0.3075377,0.284951,0.35308826,0.18135722,0.3388115,0.32914987,0.76873255,0.580892,0.57809544,0.5177435,0.6503228,0.31782612,0.5607869,0.40811887,0.45157534,0.323503,-0.3492313
0.9280276,0.7593586,0.87165046,0.09420277,0.75422066,0.24585496,0.26247245,0.7909757,0.47363523,0.47878596,0.24859537,0.6870985,0.3413574,0.6557993,0.41286334,0.41780564,0.72397184,0.7769748,0.40456823,0.57683355,0.560018,0.49831784,0.66619146,0.49597225,0.59874487,0.36858457,0.4192778,0.31279656,0.019592145
0.9772967,0.7808894,0.8149072,0.34660715,0.77091473,0.2514848,0.26773494,0.7842369,0.4614592,0.46418718,0.36572814,0.70769215,0.46947476,0.4775253,0.35901994,0.47261274,0.85177267,0.7210617,0.4673206,0.5800143,0.5558958,0.47907463,0.66391397,0.38464758,0.6144096,0.37115705,0.4184665,0.3157239,-0.3492313
0.9425938,0.7741987,0.8670447,0.20452963,0.7711511,0.25443587,0.2702724,0.78519344,0.44537315,0.48629823,0.27219185,0.72951454,0.5189507,0.64312065,0.33204225,0.46540087,0.7072285,0.57698137,0.4038878,0.57867783,0.559804,0.48920774,0.6654952,0.39117882,0.56714267,0.39029524,0.41719484,0.31545293,-0.3453132
0.9791494,0.7601997,0.832704,0.22580083,0.76164484,0.25949797,0.26239252,0.78526956,0.43539548,0.5141953,0.33769095,0.6919545,0.4279525,0.60863906,0.29589504,0.4981168,0.7552881,0.62073684,0.6562531,0.5831806,0.5610595,0.49625736,0.66275364,0.32341078,0.6056725,0.37910023,0.41649014,0.31383562,0.038623035
0.9891789,0.7681597,0.79062736,0.30998376,0.7739981,0.26056206,0.26948386,0.7837262,0.461039,0.5039077,0.31655306,0.7157883,0.40212637,0.6211416,0.26713306,0.45523107,0.74696445,0.7084083,0.56835234,0.58034855,0.56202644,0.5102248,0.6628362,0.36928332,0.6050101,0.34197992,0.4159753,0.31271207,0.11942436
0.9793864,0.7684044,0.8367146,0.24729928,0.7650404,0.25512567,0.26695386,0.78349614,0.45013452,0.50897706,0.36371773,0.7441335,0.4790848,0.6637806,0.3463713,0.46191168,0.71380854,0.62233096,0.61687917,0.58042485,0.55507696,0.45126244,0.66740227,0.38629052,0.58468145,0.52700794,0.41454318,0.3130157,-0.24168278
0.9394621,0.8036499,0.7296824,0.38585088,0.76214904,0.23736803,0.2531607,0.7971038,0.4339778,0.42398453,0.42954674,0.47551644,0.5901736,0.5283136,0.26127073,0.33800557,0.6456506,0.57586735,0.5924988,0.5795349,0.5747942,0.5634065,0.6685309,0.34241602,0.5391621,0.3658673,0.42074382,0.31736165,-0.28126383
0.7341666,0.9021692,0.6657455,0.39911795,0.7333949,0.32093182,0.15112303,0.38470033,0.44929206,0.4041876,0.54733986,0.5304124,0.30052358,0.3409967,0.31942666,0.25181445,0.5495838,0.4366974,0.56734246,0.543073,1.0,0.09545177,0.7441968,0.2960706,0.5926808,0.4076635,0.43994424,0.33218732,-0.3492313
0.99566084,0.75908446,0.81248516,0.21199965,0.7635688,0.25554436,0.26326692,0.78257066,0.4517452,0.5240402,0.22634967,0.68418354,0.44928673,0.64113516,0.30381912,0.47121167,0.74153703,0.5290399,0.63996536,0.5803445,0.5607994,0.50386906,0.6687821,0.460076,0.5758156,0.36784694,0.41576263,0.31205252,-0.2372849
0.9647202,0.80856526,0.7381751,0.52207834,0.7771531,0.23479481,0.26175436,0.7840608,0.37560132,0.40210637,0.56204474,0.40871897,0.554519,0.32210103,0.2810373,0.42826092,0.75704575,0.7206021,0.40670425,0.5849549,0.5638959,0.48194924,0.65631926,0.32791477,0.6659473,0.51069707,0.42625546,0.3214828,-0.3492313
0.92554873,0.7865425,0.7157758,0.48901597,0.7472762,0.24183361,0.23479842,0.79832065,0.3118032,0.33621794,0.71286297,0.34896854,0.43104655,0.21313378,0.33095092,0.24900307,0.36156073,0.39605522,0.62922865,0.6033993,0.5836763,0.47308344,0.65397745,0.3310867,0.61824995,0.6069528,0.4400945,0.32974553,1.6947902
0.7479551,0.8539179,0.5434772,0.5673805,0.69992596,0.2261531,0.16698399,0.80768347,0.31635228,0.16225258,0.7268669,0.11755105,0.41532943,0.17433079,0.21059442,0.09528054,0.27106935,0.25792715,0.74066687,0.5859915,0.56418294,0.5801652,0.65403175,0.43235445,0.49844316,0.34099376,0.40848884,0.31906408,0.03458497
0.97786754,0.7638415,0.8462242,0.26194394,0.7626248,0.26631528,0.26182595,0.78769815,0.47711617,0.51002777,0.29736593,0.7094419,0.42034966,0.6544524,0.40123555,0.48857883,0.69609505,0.7201924,0.5900755,0.58068323,0.5614298,0.50163066,0.66342086,0.27038303,0.5909906,0.4978521,0.41601464,0.31337985,-0.10710721
0.92551184,0.7657011,0.87098235,0.27630398,0.79975706,0.24366705,0.23405948,0.7727812,0.45668304,0.5279289,0.3238163,0.74749136,0.47584552,0.6694011,0.4270375,0.44637835,0.73014563,0.63693434,0.6639248,0.57288474,0.5825736,0.41070542,0.5573884,0.27801642,0.48672846,0.46107027,0.42725408,0.31807286,-0.34607282
0.9683491,0.7630648,0.8455379,0.3518432,0.76870793,0.28561723,0.26350793,0.79253286,0.43444955,0.5205235,0.39074102,0.7366801,0.45722193,0.6613316,0.41974977,0.4459054,0.73438144,0.56650513,0.37680528,0.58180153,0.56823415,0.5511133,0.6627015,0.20431131,0.5856255,0.46426776,0.41718024,0.3137768,0.44282955
0.9396866,0.76908857,0.86084116,0.1781342,0.7626401,0.2559526,0.26275843,0.78979254,0.41483077,0.5045708,0.26663044,0.69365925,0.5070267,0.64059126,0.36505744,0.4875558,0.74102443,0.53561455,0.53079426,0.58011025,0.56660026,0.5365193,0.66430026,0.3958097,0.56416535,0.3515916,0.4138695,0.3144169,-0.34323418
0.9766831,0.7647555,0.8424574,0.27209672,0.768434,0.2806384,0.26222408,0.79114866,0.48561403,0.49994782,0.26791438,0.7307728,0.4507893,0.6413732,0.39258966,0.40358108,0.76287204,0.4905708,0.4756641,0.57775956,0.56099737,0.5248844,0.6653821,0.18876646,0.594131,0.53636944,0.41742763,0.31292367,-0.33363876
0.943731,0.76640767,0.8752478,0.17268017,0.7602715,0.25678685,0.26727992,0.7859338,0.40550366,0.5070902,0.3717404,0.697728,0.44340712,0.64122206,0.30819702,0.50083274,0.72462124,0.5940201,0.5807733,0.5834929,0.5641438,0.51199764,0.6659194,0.44921362,0.5911407,0.33921602,0.41643593,0.31444794,0.025149485
0.9934992,0.7689024,0.80812126,0.27080792,0.7683802,0.25396353,0.26647574,0.7828488,0.47992557,0.5009187,0.25285193,0.7093324,0.44981262,0.61799294,0.35181656,0.45917213,0.74529713,0.63173556,0.56650114,0.57857126,0.555631,0.4660863,0.670544,0.45863858,0.56309474,0.4531757,0.41534898,0.31251165,-0.3453132
0.8650589,0.80239016,0.7335064,0.4115914,0.7520913,0.24555187,0.23856936,0.7878354,0.40504867,0.42613345,0.5075116,0.47239098,0.4706812,0.35148782,0.5116062,0.2857124,0.5482666,0.5063035,0.79721785,0.57439727,0.5892006,0.5260417,0.66741747,0.49452627,0.53076786,0.50745064,0.3807496,0.34399405,-0.3531894
0.8536497,0.78275543,0.7186975,0.48132056,0.7456099,0.24497214,0.22548223,0.8135031,0.33856404,0.3406775,0.64380693,0.35646847,0.3286013,0.2994171,0.3593571,0.2017025,0.35856885,0.3528978,0.7697874,0.5771794,0.5785883,0.5158967,0.67418957,0.30559796,0.610622,0.41849256,0.43406665,0.31635037,-0.34991097
0.974602,0.7523641,0.86191875,0.17857066,0.7546499,0.2739119,0.25611863,0.79223114,0.5790471,0.4697387,0.34553275,0.78833705,0.41786915,0.6175858,0.29432017,0.38813555,0.75935775,0.6440459,0.64738244,0.5794663,0.5654315,0.5710612,0.66206867,0.35722557,0.609181,0.35033026,0.41982663,0.31371954,-0.11138516
0.74026626,0.8464872,0.4823173,0.5828819,0.6877917,0.21133175,0.1799407,0.87476295,0.31335336,0.18671295,0.73786914,0.116515115,0.487405,0.20061257,0.27678144,0.120449364,0.2649404,0.24873838,0.6862072,0.5655832,0.60930616,0.5387368,0.65405047,0.44034636,0.57201403,0.42379993,0.37219745,0.29850155,0.06269152
0.67752886,0.8578425,0.51423824,0.67330515,0.67285675,0.23454255,0.16360696,0.86602294,0.16972673,0.21678753,0.600409,0.29585695,0.57768697,0.33087108,0.36330003,0.13454007,0.17220046,0.07566767,0.8055338,0.56413513,0.5806747,0.4574252,0.6304067,0.47298273,0.49855202,0.349857,0.37925267,0.29196215,1.1028336
0.95333755,0.7761768,0.83313197,0.20053446,0.77545536,0.26487112,0.27074555,0.78578186,0.4531968,0.5050377,0.2720542,0.72499114,0.4790238,0.6523533,0.2549806,0.4614217,0.6986623,0.66174126,0.61338747,0.5805785,0.5580881,0.4860486,0.66495013,0.33598003,0.5344165,0.43720916,0.42131495,0.3182829,-0.33327895
0.9625761,0.7718794,0.8590211,0.29364985,0.76506054,0.27373156,0.2620155,0.77934444,0.46725756,0.50630844,0.28170684,0.740804,0.50348085,0.64061797,0.3089578,0.45449287,0.713268,0.71611726,0.64585376,0.5797114,0.5752177,0.5193997,0.65888697,0.27796865,0.6392019,0.42263532,0.42053157,0.3173473,-0.27346757
0.9566814,0.77600276,0.8303355,0.22519432,0.7709761,0.2563573,0.2697616,0.7864065,0.46389776,0.49841952,0.33425745,0.69096446,0.3005092,0.6296205,0.2812118,0.46734384,0.7386193,0.6845579,0.56593555,0.5790425,0.55681413,0.4707582,0.66833025,0.46430293,0.54847604,0.4389517,0.4179715,0.314439,-0.33887628
0.95215356,0.7792182,0.7859242,0.23938183,0.7682169,0.25724187,0.28991595,0.7753623,0.43631488,0.4622093,0.25659877,0.6781657,0.4623628,0.5662796,0.33581385,0.4540076,0.7822483,0.7277799,0.53277737,0.57998997,0.56326586,0.5363351,0.659368,0.26364392,0.65696317,0.40300393,0.41648787,0.30941528,1.5687306
0.91019887,0.77660334,0.8582067,0.37876886,0.76788175,0.2659351,0.2761249,0.7590934,0.4651822,0.57586163,0.32544217,0.6786728,0.43108922,0.61532843,0.45618746,0.41677108,0.7317703,0.5885949,0.60117036,0.5694376,0.57029074,0.52565736,0.66798955,0.46626264,0.5483183,0.4125088,0.36976779,0.3194386,0.065810025
0.99015826,0.7523491,0.82596177,0.21204568,0.7584204,0.26062632,0.26007873,0.7853187,0.45683432,0.52554995,0.3195878,0.7119385,0.4743508,0.63715446,0.30316046,0.5003731,0.7224066,0.5947955,0.6447648,0.583292,0.5624962,0.5030731,0.6682633,0.31346732,0.54904616,0.34534365,0.41618273,0.31251127,0.2544797
0.9744505,0.80158156,0.7500931,0.45728108,0.78600985,0.24945107,0.27133152,0.76586753,0.39047137,0.48084155,0.44468838,0.649054,0.39372838,0.39571613,0.29436386,0.5491979,0.8957443,0.9139774,0.4141759,0.5762039,0.584121,0.47455138,0.67075455,0.22242908,0.50571024,0.42550802,0.41964254,0.31532112,-0.35015085
0.4507313,0.9406669,0.30787495,0.5403296,0.6198638,0.21334903,0.14301747,0.99550074,0.33905938,0.3473305,0.5200471,0.49735224,0.55437356,0.48366663,0.32627904,0.28649077,0.40807986,0.33279586,0.6108671,0.59862995,0.59070504,0.40589648,0.6444523,0.40631807,0.6989306,0.39124575,0.43968737,0.3205213,0.046539247
0.8883284,0.7787575,0.87753206,0.3913451,0.7630411,0.27746972,0.25163993,0.7145742,0.52796894,0.54781574,0.3049105,0.5708616,0.475747,0.68138313,0.4474699,0.47118357,0.75213975,0.73786664,0.58938307,0.55409086,0.64968014,0.44943604,0.6852061,0.41480637,0.6000545,0.50541806,0.43796965,0.30306584,-0.1188216
0.9503985,0.773352,0.8328725,0.261636,0.78065604,0.3034782,0.26822665,0.79542434,0.44692594,0.5068542,0.24818681,0.69858074,0.43285793,0.6509422,0.3484918,0.4309475,0.7266493,0.67098993,0.6749676,0.5856069,0.5605322,0.5026879,0.66565275,0.51732653,0.5880691,0.38611886,0.42354634,0.31734002,0.083561525
0.8241355,0.82403606,0.690967,0.60496444,0.71278673,0.23912303,0.19255649,0.83957064,0.22467108,0.2689344,0.6804479,0.19378857,0.51708734,0.2216129,0.4112902,0.0539856,0.05582241,0.06901374,0.8330382,0.58714336,0.60271454,0.55324185,0.6659206,0.46821412,0.59822017,0.49806905,0.43684995,0.3173034,-0.3471523
0.65289927,0.903003,0.4982056,0.7548498,0.67147785,0.25945157,0.120464,0.73312044,0.16982229,0.1652494,0.61646605,0.17908363,0.43247375,0.3911525,0.26055273,0.16266645,0.26356003,0.2371831,0.693027,0.6060315,0.49215484,0.6437192,0.687551,0.43425277,0.56486183,0.49304613,0.35641298,0.30218664,-0.31868592
0.977458,0.7713597,0.85183233,0.31009755,0.7643862,0.26172897,0.26421595,0.78596187,0.49879387,0.50423956,0.44476524,0.64677435,0.54716086,0.71481806,0.32080242,0.45292678,0.7417119,0.64275616,0.51385546,0.57775795,0.55525523,0.46816823,0.6687937,0.3941786,0.5843042,0.303142,0.41669524,0.3133895,-0.3492313
0.939039,0.7664613,0.86679554,0.20346251,0.7640297,0.26076338,0.2709659,0.78554505,0.42114708,0.4995479,0.18466666,0.6726623,0.40159494,0.6427304,0.28555155,0.4204283,0.70966756,0.7518053,0.37089512,0.5763513,0.5575935,0.4837043,0.6646912,0.3431235,0.6246083,0.30793795,0.416548,0.31452036,0.23848736
0.99032444,0.77237594,0.817898,0.41883093,0.7692384,0.25957942,0.26787522,0.7843747,0.4213945,0.54435766,0.29894248,0.6904532,0.3179031,0.6766897,0.2105858,0.46883163,0.70988667,0.6663233,0.46671548,0.5763428,0.5665404,0.55127555,0.6644463,0.39046484,0.5965199,0.4698111,0.41506484,0.31162313,-0.27326766
0.9817138,0.7808632,0.75069714,0.3145163,0.7686957,0.24968266,0.25674632,0.78805137,0.4239431,0.44184995,0.4552666,0.58746934,0.3869835,0.4708699,0.29044124,0.38081,0.6362005,0.605939,0.6209195,0.58267313,0.5674539,0.5113481,0.6632707,0.37131277,0.6072007,0.5462389,0.4236938,0.31691128,-0.35019085
0.8986369,0.73511064,0.806875,0.23271662,0.81349164,0.27033043,0.24667706,0.7844323,0.48324737,0.51114136,0.29991513,0.7151808,0.43269283,0.6195911,0.3748294,0.46052128,0.7424939,0.609986,0.5647701,0.55586576,0.55954605,0.45246994,0.6436614,0.49371335,0.5200781,0.4543974,0.43508017,0.30690098,-0.3492713
0.909754,0.80994546,0.76468045,0.4951731,0.74504393,0.24871597,0.2309271,0.80705005,0.2900051,0.3779696,0.5100427,0.3997655,0.5598655,0.38069943,0.3759823,0.19639978,0.31664458,0.25637752,0.78916854,0.590717,0.57889473,0.48384243,0.66695845,0.3731797,0.5511352,0.40850648,0.4380504,0.326591,-0.3492313
0.80537194,0.8370383,0.62212974,0.5852823,0.6966042,0.24177341,0.20453013,0.84483314,0.2084243,0.235305,0.69531316,0.20367832,0.50679344,0.19492604,0.32057044,0.101994045,0.09461516,0.046006512,0.70797664,0.57339346,0.59010756,0.45289606,0.6666602,0.4431529,0.60394233,0.3769457,0.42622903,0.3039739,1.482172
0.9303574,0.80028296,0.7927583,0.40333968,0.76269686,0.25053367,0.25322214,0.7961409,0.36601236,0.42278364,0.36842984,0.49111986,0.3528346,0.4331318,0.37061942,0.38626993,0.58790815,0.5818687,0.5528647,0.58335507,0.568214,0.47977495,0.6607019,0.29054883,0.5997909,0.43455505,0.42379588,0.31918785,-0.32676205
0.95078945,0.7778804,0.8665858,0.2542585,0.7637028,0.25209063,0.2695966,0.78475994,0.4511702,0.50248665,0.2733516,0.69530505,0.40382984,0.6551804,0.40245673,0.45348895,0.72405607,0.6264913,0.5549631,0.58091795,0.5580922,0.48299357,0.6659736,0.473428,0.56362987,0.4340474,0.42131907,0.31562832,-0.32116473
0.6881107,0.8769295,0.50585556,0.526149,0.6813108,0.22253168,0.18068843,0.899758,0.36477625,0.30867836,0.72500074,0.2656436,0.5585022,0.35553053,0.28588733,0.20462054,0.3335237,0.32471803,0.66236156,0.5962533,0.5869102,0.4503126,0.65650386,0.38767856,0.63378656,0.38073298,0.4476701,0.32383516,0.046539247
0.96564233,0.7868986,0.76272136,0.36045155,0.79650897,0.2330595,0.24834403,0.75620985,0.45324796,0.46083072,0.41747573,0.688832,0.3204308,0.44863474,0.3043577,0.50277454,0.892125,0.8739026,0.51962423,0.5836603,0.5391612,0.49375463,0.60632795,0.2706405,0.44209695,0.300149,0.4236548,0.3196055,-0.3492313
0.93623483,0.7878137,0.7592627,0.30981544,0.7655851,0.25789985,0.24925165,0.79915386,0.37613034,0.41559145,0.409752,0.49995372,0.35180357,0.5173333,0.36615908,0.24688706,0.511729,0.31609613,0.5752544,0.58293164,0.58046985,0.5735211,0.661394,0.33831283,0.59422445,0.5628722,0.428381,0.31720594,-0.3531894
0.84916973,0.78475815,0.7357566,0.3428965,0.76157063,0.22911474,0.23467226,0.8137377,0.38442293,0.36287606,0.5182015,0.5352924,0.36879703,0.40685973,0.27257642,0.32724777,0.58422244,0.560822,0.6530008,0.57266814,0.5718161,0.49805695,0.63072366,0.36090627,0.64519805,0.3827724,0.4309103,0.29827338,-0.3532294
0.9543027,0.7710085,0.87158877,0.19627082,0.7611292,0.25632644,0.26571563,0.78535163,0.50144637,0.47807556,0.25710765,0.73894995,0.5190431,0.6292632,0.40614268,0.43152797,0.7250946,0.67946446,0.60816556,0.5802284,0.5650368,0.5525808,0.6611813,0.44303426,0.5884772,0.33857235,0.41878465,0.31392708,-0.3492313
0.88357764,0.7815911,0.7924833,0.3707229,0.7581217,0.24586211,0.2440563,0.7827169,0.45424473,0.4093779,0.57642096,0.29288647,0.46260253,0.41838506,0.3357796,0.21535312,0.36507037,0.30036128,0.5873931,0.5784381,0.57072574,0.5182865,0.6589556,0.3750248,0.5920747,0.31804898,0.40124393,0.33036432,-0.11734231
0.9319566,0.77874565,0.7959396,0.29664648,0.7583949,0.251914,0.24908651,0.78696936,0.429068,0.43601587,0.49853253,0.55142087,0.51508856,0.4521859,0.29838732,0.29282874,0.45314342,0.46257615,0.6974053,0.5837523,0.5744132,0.5584119,0.6668565,0.33908856,0.5733749,0.44031492,0.4169711,0.31154466,-0.28502205
0.9242044,0.8060517,0.7427336,0.57252127,0.7547576,0.25299832,0.23916046,0.8097233,0.33700708,0.41766837,0.53582776,0.48793334,0.3805463,0.3470148,0.29428148,0.34498593,0.60418457,0.602622,0.68898684,0.58531666,0.572988,0.5070516,0.66792774,0.3216152,0.57923704,0.5131508,0.4254789,0.31226358,-0.3492313
0.82704985,0.74241465,0.7575686,0.25922754,0.7186892,0.31970093,0.29772827,0.7924717,0.46500793,0.4822824,0.31586304,0.72558624,0.49441507,0.6708383,0.4415752,0.5077411,0.7257412,0.6230335,0.5131328,0.52672404,0.5441678,0.56477946,0.66271156,0.30342847,0.5784112,0.526433,0.40581414,0.30080706,5.224101
0.93091,0.76294905,0.7710493,0.52896357,0.7430907,0.27456146,0.27667725,0.79047924,0.33055383,0.4788177,0.4109904,0.5813339,0.42392087,0.58525836,0.28086683,0.35436305,0.5912001,0.5658319,0.69620186,0.60609275,0.58155876,0.5387852,0.6988694,0.3733277,0.6081457,0.5138728,0.41399622,0.31292394,3.6299438
0.9457836,0.7784444,0.8680511,0.2302737,0.7687887,0.26883328,0.26689908,0.78608364,0.50667524,0.48861304,0.34523818,0.62685543,0.60342693,0.6957082,0.3311347,0.45779538,0.7239629,0.7449014,0.65811646,0.580362,0.55765694,0.4859532,0.6593935,0.22912785,0.5990949,0.31391963,0.4129382,0.31418362,-0.34475344
0.9053889,0.74182993,0.868802,0.14808093,0.7645097,0.26520124,0.26593444,0.7806956,0.42716226,0.5651675,0.3928144,0.6711362,0.4409133,0.6014714,0.37431964,0.43433282,0.73234326,0.64416236,0.46248367,0.57367164,0.5521635,0.5412625,0.6714069,0.3445379,0.61054724,0.40135488,0.42026663,0.3164957,0.3664261
0.9662444,0.77886623,0.7402498,0.3496633,0.76182157,0.26126835,0.24431214,0.7972153,0.426092,0.3966662,0.55275863,0.5150026,0.36939988,0.3799234,0.38638812,0.3071347,0.56094897,0.49901378,0.54974145,0.58654284,0.57733357,0.5520102,0.66119957,0.122205675,0.59586155,0.4533215,0.4322332,0.3206749,0.12869991
0.97462577,0.7613853,0.85150903,0.26607975,0.75717694,0.25335103,0.2638568,0.78376395,0.4796212,0.50414383,0.28309947,0.7144116,0.46047845,0.64677465,0.43414873,0.46418178,0.7216403,0.64465773,0.5322965,0.5826173,0.56512266,0.52787393,0.6636634,0.4904745,0.5859169,0.6005354,0.41501325,0.3139255,0.23304997
0.95857966,0.7925906,0.7642808,0.4054074,0.7615146,0.25000674,0.24716431,0.79345083,0.40743288,0.38510302,0.47943687,0.51215994,0.4721573,0.3092092,0.35675707,0.33605763,0.60394865,0.5300006,0.5695841,0.5865518,0.56608725,0.47404015,0.66149515,0.2645874,0.63065857,0.38966125,0.43265212,0.32267043,-0.3492313
0.97827405,0.76893115,0.8456819,0.2784026,0.76518863,0.26332933,0.2637937,0.7860685,0.5043247,0.5026397,0.4175388,0.6329944,0.5355942,0.7145636,0.33320263,0.45928097,0.7387469,0.6521916,0.5425729,0.5784454,0.555808,0.47102934,0.6672728,0.33068252,0.583775,0.4400321,0.41556758,0.3130486,-0.29649654
0.9424488,0.77426934,0.85483354,0.21771552,0.7674502,0.26122156,0.26605242,0.7910732,0.45321825,0.48604876,0.30358434,0.75830775,0.53931034,0.65281177,0.29034817,0.46649775,0.7042289,0.6839565,0.58682215,0.57979006,0.56081283,0.49611259,0.6649851,0.31343162,0.5568085,0.31319687,0.41735286,0.31404123,-0.28038427
0.9640766,0.78852206,0.78928643,0.42091402,0.76260793,0.25143725,0.25315937,0.7912711,0.3820318,0.44506624,0.49667096,0.5545743,0.37617356,0.44847912,0.33133805,0.40179956,0.6025641,0.6106971,0.5452602,0.58374465,0.5663119,0.48282087,0.6626462,0.33786708,0.61901397,0.43493554,0.4267207,0.31959397,-0.34623274
0.93623626,0.7786505,0.83428276,0.30901903,0.77822614,0.24066256,0.2685549,0.78434634,0.45696184,0.4560791,0.32732794,0.6726951,0.3692121,0.47813758,0.30226004,0.4911826,0.83687025,0.7649459,0.44310564,0.5782682,0.5561117,0.47031924,0.6599269,0.42242208,0.6027693,0.34004465,0.41651288,0.31587762,-0.3492313
0.9902494,0.77114004,0.7970232,0.31444514,0.7728618,0.25676492,0.26958975,0.7827194,0.4536668,0.50373274,0.36394915,0.7471778,0.48150086,0.61434895,0.25346673,0.44703913,0.7521006,0.6827961,0.54937506,0.57967436,0.56239897,0.5218008,0.66460645,0.46385688,0.6033334,0.3355275,0.4163284,0.3127004,-0.10718717
0.92385525,0.75531524,0.81774235,0.30011433,0.76564527,0.26728064,0.28844997,0.7729896,0.46059474,0.5363305,0.34665528,0.6769795,0.32964775,0.6572874,0.3585659,0.43569654,0.7071689,0.6869698,0.63151556,0.58062524,0.5563999,0.536879,0.67272305,0.4841725,0.5698973,0.32698593,0.42590064,0.3112641,2.1827567
0.97957504,0.7565462,0.86022675,0.22103778,0.75305593,0.2606808,0.25628662,0.7881869,0.4554762,0.5249025,0.35097468,0.67708266,0.3586107,0.641753,0.39462703,0.5120883,0.7248722,0.6564274,0.5939535,0.5810549,0.56933534,0.56588846,0.6639186,0.42722434,0.5904776,0.4160141,0.41723105,0.31362653,-0.19330594
0.97942525,0.7727929,0.8280755,0.30553284,0.7689445,0.2610348,0.26565504,0.78579086,0.46719337,0.49728262,0.24554114,0.6733318,0.3799163,0.61261183,0.44897467,0.46919617,0.7516373,0.6893436,0.5061714,0.5784388,0.5606467,0.5061082,0.6625697,0.258616,0.61618626,0.39369044,0.4173585,0.31393835,-0.3492313
0.9631577,0.78202355,0.80825824,0.4232348,0.7577364,0.25958395,0.24988534,0.79362774,0.40945813,0.45369342,0.4411805,0.5736956,0.3667209,0.47942093,0.23164707,0.37493795,0.58010274,0.56093776,0.5858713,0.583144,0.56716126,0.49866343,0.6625514,0.35903013,0.6195702,0.44632256,0.42702687,0.31903332,-0.3231238
0.8180157,0.7164587,0.7444405,0.3053127,0.7431816,0.24963173,0.2533669,0.7992815,0.40509927,0.43783823,0.29388216,0.54274565,0.42968398,0.52307546,0.40533578,0.47619945,0.6164077,0.52897716,0.5715831,0.5671264,0.5685143,0.50641316,0.6195203,0.32965475,0.5617017,0.36990932,0.41724592,0.29267046,0.92295974
0.9318896,0.785135,0.8217601,0.35944775,0.746195,0.26435724,0.2636118,0.791349,0.41472742,0.44887492,0.40197158,0.61429167,0.48380932,0.5208209,0.47417745,0.38530588,0.6493197,0.578168,0.5742232,0.579921,0.56943387,0.54424375,0.6684387,0.44853815,0.56758994,0.39279225,0.42380545,0.31368583,1.0860816
0.9776757,0.78014505,0.81223595,0.34358406,0.77147037,0.2531545,0.2673398,0.78498083,0.4666801,0.46471572,0.33975315,0.6865321,0.40781796,0.4825801,0.36780095,0.47690606,0.84975034,0.73557085,0.47735462,0.57954437,0.5553925,0.4730161,0.66346836,0.33755305,0.6152278,0.37492275,0.41835564,0.31561968,-0.3492313
0.98920757,0.75333863,0.82082456,0.22251743,0.76089543,0.26139906,0.2610884,0.7840598,0.4927863,0.5182738,0.40079746,0.61930186,0.5867863,0.69160455,0.23410976,0.483965,0.75351834,0.6019629,0.6087293,0.5833967,0.56425256,0.52684087,0.6666052,0.47288254,0.5644157,0.3748309,0.4151546,0.3124389,0.36862507
0.9404895,0.7809776,0.8342875,0.36673576,0.75787497,0.26333973,0.25210044,0.79288435,0.42350176,0.44196096,0.49286917,0.61168814,0.46204656,0.47253537,0.2850355,0.3222681,0.59469557,0.52817625,0.6774127,0.5871329,0.57032984,0.5391556,0.66340405,0.39998576,0.57964224,0.39658457,0.42583022,0.314542,-0.19550489
0.9768262,0.7679409,0.84607124,0.32379973,0.76139045,0.25858787,0.2637041,0.7858328,0.49458107,0.49468932,0.24055178,0.70429057,0.38599864,0.601183,0.3080722,0.44902408,0.758178,0.6728062,0.55140895,0.57927865,0.56003106,0.5075326,0.6631205,0.4221227,0.6139673,0.38016367,0.41763753,0.3142669,-0.1773136
0.9816392,0.76377225,0.8515012,0.24381301,0.75848097,0.25363138,0.26203996,0.78165,0.483963,0.5103856,0.33748394,0.6283045,0.6786648,0.67020786,0.23171216,0.46169075,0.77338934,0.53162354,0.61042976,0.58109754,0.5593074,0.51081437,0.6654724,0.4785163,0.6080034,0.3752209,0.41644534,0.31338817,-0.31324854
0.8529455,0.7181583,0.85439646,0.35041776,0.772257,0.25174275,0.25445512,0.8018166,0.45739615,0.50071967,0.30911294,0.7329394,0.35792634,0.66525704,0.21736091,0.4813397,0.7355365,0.6326227,0.45284706,0.5913091,0.56497914,0.46518806,0.65261954,0.42580628,0.57451594,0.53192323,0.42033002,0.2979547,0.17451799
0.8442413,0.80863184,0.6685176,0.48014835,0.7310361,0.24191235,0.22918199,0.8237746,0.30139157,0.33207896,0.6628328,0.3769812,0.46777388,0.2557513,0.3100451,0.27878192,0.38422775,0.4068238,0.6333943,0.5817103,0.57686275,0.48898783,0.6673229,0.33649343,0.60002816,0.60109574,0.44696444,0.30511,0.65796655
0.9299772,0.7704307,0.8192969,0.12103025,0.78057605,0.28922975,0.26094717,0.8031466,0.48071015,0.46682948,0.24334267,0.7308627,0.43490613,0.672887,0.35222223,0.44805753,0.7176348,0.6706837,0.59462947,0.5766279,0.56060475,0.48610747,0.66055864,0.5182052,0.59125596,0.2559605,0.4141103,0.30978906,-0.3492313
0.9554996,0.773653,0.8464213,0.22852899,0.764578,0.26191056,0.26414156,0.7906491,0.47244897,0.49031898,0.20712927,0.7253953,0.5251274,0.6379293,0.3205698,0.4637647,0.715635,0.6624709,0.52825665,0.5783759,0.56635,0.55165386,0.66477966,0.48220554,0.5581688,0.50890553,0.41456828,0.31191853,-0.32424328
0.9409545,0.7830535,0.75959206,0.33335075,0.76993936,0.23551615,0.25593546,0.7903179,0.43926066,0.41845104,0.5402168,0.5005236,0.5458838,0.5422324,0.23783593,0.33686787,0.6389634,0.61684835,0.6423142,0.58498734,0.5739507,0.5501788,0.66090906,0.36128065,0.6010425,0.38949874,0.4237526,0.3127162,-0.26511157
0.9779901,0.7972751,0.7672211,0.46372166,0.7855687,0.24280743,0.27598068,0.7809844,0.3783749,0.4664703,0.39494613,0.6127588,0.32569727,0.40368438,0.37070265,0.52489007,0.91835225,0.8315506,0.33764848,0.5796343,0.55863357,0.48980963,0.6575727,0.30178604,0.652897,0.5148148,0.41669515,0.31638637,-0.3492313
0.9930762,0.76620626,0.8131451,0.25879517,0.7669593,0.25596398,0.2657668,0.783454,0.47760952,0.5124104,0.32453343,0.7334066,0.43850657,0.6686723,0.3491305,0.45200038,0.7064431,0.69022095,0.57224464,0.57771474,0.5661284,0.5551547,0.6646549,0.32389647,0.5922652,0.4106199,0.4161702,0.31164715,-0.3492313
0.86899346,0.7711048,0.74362993,0.35832158,0.77041054,0.24292412,0.22980481,0.7758628,0.36535043,0.41324955,0.4464794,0.5851612,0.5322096,0.5312237,0.2575432,0.33006313,0.4620237,0.45004568,0.61068285,0.5759671,0.5510293,0.53388244,0.6489485,0.40635255,0.5902689,0.31113595,0.4272254,0.30960038,-0.3176464
0.92399347,0.7829935,0.8375041,0.28815836,0.7722682,0.2565925,0.25942135,0.7516288,0.4626711,0.506205,0.2867348,0.6637205,0.29330298,0.6159455,0.4670724,0.44605955,0.79014814,0.67513543,0.59351754,0.56929874,0.6072549,0.4547301,0.66331273,0.3706318,0.5594326,0.51097757,0.4280707,0.31621733,-0.35019085
0.9794882,0.76634455,0.85138893,0.25523305,0.75795156,0.24929923,0.26368594,0.7839159,0.4810317,0.50500625,0.28876895,0.6966648,0.36381936,0.65903515,0.43616453,0.4589809,0.72807264,0.62196374,0.5504573,0.57857937,0.55966306,0.49298242,0.6680668,0.50848,0.5783838,0.5685227,0.41508883,0.31336856,-0.35023084
0.7221975,0.8341999,0.5899327,0.49933162,0.6789605,0.23138785,0.17122957,0.88257384,0.2737927,0.20507129,0.5914365,0.29903856,0.5710585,0.31660953,0.39114484,0.04625814,0.12848948,0.09250997,0.97160363,0.56934917,0.61077696,0.553937,0.66197765,0.4851165,0.5821421,0.3513145,0.38865885,0.29918584,-0.3132885
0.93813246,0.7688288,0.8722808,0.17402904,0.77333343,0.28474694,0.26483306,0.79474616,0.4660483,0.48171872,0.31565163,0.7261645,0.44467962,0.6374084,0.3327207,0.46851552,0.7075175,0.6215731,0.40109685,0.5788726,0.5638583,0.5257005,0.66166383,0.2543206,0.5949358,0.45951352,0.41700292,0.31393778,-0.23528585
0.9095978,0.79202217,0.7671756,0.42850915,0.74240226,0.25014096,0.23809476,0.79843634,0.3832104,0.3946082,0.46656072,0.43552756,0.44879192,0.3940386,0.3175567,0.20867695,0.37596014,0.31661823,0.7604932,0.5831403,0.57840157,0.53222895,0.6714405,0.42023754,0.5494529,0.36472514,0.4278672,0.3294225,0.14465228
0.9788899,0.76707613,0.8522317,0.2634771,0.7613683,0.2588242,0.26239195,0.78503937,0.5231681,0.49699348,0.33527735,0.6098904,0.5413899,0.70189565,0.4001642,0.45706198,0.7493053,0.6167339,0.5165516,0.5785402,0.5563098,0.4776745,0.66839683,0.38793606,0.5718827,0.5529841,0.41508403,0.3132189,-0.3133285
0.95569545,0.7656031,0.83944654,0.16955745,0.77887774,0.29690695,0.26107097,0.7949714,0.40721777,0.5190031,0.28257713,0.6658551,0.46625623,0.64428055,0.4315426,0.48275188,0.73393244,0.5953117,0.7286999,0.5849161,0.5611655,0.49303216,0.6659319,0.51522714,0.556147,0.36193082,0.41927207,0.3160431,-0.31324854
0.9791009,0.7705457,0.85041046,0.28471714,0.761106,0.2501127,0.26604918,0.78244215,0.45987853,0.50698143,0.30700988,0.73702866,0.5129445,0.6510654,0.4055156,0.453121,0.72344893,0.5988496,0.538041,0.5794893,0.558,0.48224413,0.66833985,0.5074702,0.58730215,0.43518162,0.4160643,0.31364337,-0.3492713
0.97670436,0.77970386,0.81408674,0.34053642,0.7712233,0.25526384,0.26675856,0.7863904,0.45700657,0.46817425,0.45204765,0.71596795,0.40219828,0.4892809,0.31393647,0.48119843,0.84453017,0.76468337,0.4939628,0.5796248,0.55644995,0.48018903,0.66364783,0.3579499,0.6121071,0.36998767,0.41829583,0.315457,-0.3492313
0.9458896,0.76418984,0.85273516,0.17115434,0.76878554,0.24978308,0.26404455,0.7851314,0.43469796,0.49036074,0.2544252,0.6693467,0.47319064,0.57004654,0.3085734,0.5050319,0.7644131,0.6214139,0.52386636,0.5825734,0.5674395,0.5518544,0.6627878,0.36719635,0.57364124,0.3935522,0.41891563,0.31698444,-0.29725617
0.95221335,0.77671117,0.85681736,0.25313523,0.76222533,0.25877693,0.26492313,0.7901334,0.45523137,0.49516305,0.22292449,0.70697707,0.48632887,0.6522308,0.41158092,0.4735513,0.7139107,0.6674731,0.5578035,0.5789453,0.56200486,0.5072691,0.6667314,0.36684495,0.5478636,0.44791204,0.4150228,0.31275308,-0.28174362
0.9366969,0.7932432,0.788003,0.35497245,0.75647837,0.2534865,0.24668176,0.79790294,0.38462478,0.40773296,0.41938978,0.52756184,0.49882913,0.43845186,0.3807613,0.29512393,0.54120475,0.4387712,0.6972803,0.586233,0.57200515,0.5138531,0.6621464,0.3116817,0.590493,0.5489941,0.428191,0.31820092,-0.3531894
0.9897721,0.7785441,0.80663633,0.4566161,0.7709027,0.25898948,0.26510593,0.78634566,0.45528036,0.50098556,0.24434616,0.6490441,0.3226103,0.5030703,0.23613986,0.50446,0.816394,0.75213766,0.41312084,0.57719463,0.55893457,0.50180924,0.66584104,0.31917053,0.5811658,0.44966683,0.4172913,0.3139472,-0.3492313
0.97943985,0.7595721,0.82137555,0.17183326,0.7751584,0.29767644,0.25931054,0.7951813,0.5222124,0.4865706,0.26361963,0.7291802,0.44233724,0.643782,0.40402186,0.43399188,0.71841085,0.6937154,0.6442997,0.5808955,0.56259346,0.5251245,0.6617896,0.52458,0.6295926,0.34369692,0.4180755,0.3136521,-0.21349628
0.9856766,0.76142967,0.8035019,0.31284833,0.7681156,0.25712886,0.2698732,0.7827008,0.46573287,0.5161716,0.30145407,0.719372,0.35442442,0.6779313,0.25678286,0.43742168,0.71846455,0.6602862,0.57351524,0.5810773,0.5645962,0.5211991,0.662104,0.3275655,0.5983387,0.34292012,0.4153307,0.31227425,0.5014415
0.8988483,0.7699865,0.75961596,0.46709925,0.71876407,0.2994998,0.2984434,0.7645031,0.4360591,0.4675957,0.5642038,0.44043514,0.5608813,0.5203677,0.36008072,0.385318,0.58189434,0.5718727,0.6932117,0.5478689,0.5445149,0.5195857,0.63396454,0.4051791,0.55579907,0.47385934,0.45316637,0.29485095,6.882027
0.93210256,0.8078478,0.70564514,0.39030182,0.7572682,0.24205826,0.25082567,0.8011662,0.37560838,0.40163952,0.3998873,0.47763112,0.35578325,0.41924366,0.33198458,0.31180578,0.5696347,0.5445884,0.6392124,0.58148724,0.57915395,0.55967695,0.6664044,0.416893,0.53897,0.3706121,0.42716202,0.32120758,0.13725582
0.9787111,0.7516733,0.85206676,0.20162278,0.7513889,0.25333527,0.25913414,0.7832993,0.4051574,0.53646475,0.27581757,0.6772332,0.49307707,0.631696,0.39698032,0.44317725,0.7458259,0.65276664,0.52503175,0.57978755,0.55871296,0.48962143,0.6663061,0.47308066,0.5809579,0.3653752,0.41699594,0.31432313,0.2544797
0.99197143,0.76582205,0.78387976,0.26390553,0.7853503,0.296284,0.2655631,0.7925477,0.46424764,0.5143524,0.2701509,0.71650547,0.41733304,0.67050606,0.32548702,0.4254872,0.7232837,0.6058294,0.54120404,0.578438,0.56236917,0.5200035,0.6656037,0.47770315,0.6061328,0.34800297,0.41646215,0.31182018,-0.23200741
0.90494466,0.8027888,0.7892587,0.4230275,0.75791043,0.25576523,0.23979703,0.7789671,0.36390847,0.39926124,0.5126687,0.42180738,0.3303345,0.3593226,0.30708128,0.25279006,0.4493205,0.32191005,0.49525174,0.5810935,0.6010122,0.4963643,0.6626219,0.35980076,0.5800418,0.4229203,0.4308469,0.32119152,-0.35019085
0.8930058,0.80287075,0.74222964,0.52395064,0.7845469,0.23641504,0.2551882,0.75730735,0.3268526,0.4142686,0.5289299,0.4987466,0.37357974,0.2794069,0.3757203,0.41310588,0.7554101,0.6800994,0.45089376,0.58084875,0.5408807,0.54360276,0.6721332,0.34745616,0.61473674,0.51638037,0.4301583,0.30900335,-0.3492313
0.47370178,0.93478334,0.32676247,0.5377465,0.6257856,0.21410051,0.14655276,0.986502,0.33728534,0.34445375,0.53413063,0.4842676,0.5424544,0.46683496,0.3274588,0.27864808,0.39896888,0.33025327,0.61740786,0.59843946,0.5905892,0.41116214,0.64586836,0.40512076,0.6930729,0.39106324,0.440538,0.32084024,0.046539247
0.9696374,0.79935074,0.7361262,0.5164683,0.767156,0.24831142,0.24897529,0.79265577,0.3440163,0.4113241,0.57701415,0.5078881,0.4895499,0.29152644,0.23858869,0.3815002,0.58198303,0.5802409,0.49932894,0.58621114,0.56679535,0.46611547,0.6653434,0.2530194,0.59133893,0.4144459,0.43166563,0.32177228,-0.3262823
0.8308114,0.7634532,0.7710287,0.36213705,0.7825285,0.27641618,0.22402686,0.6200268,0.47881597,0.50056237,0.34796897,0.7409051,0.33580714,0.5981188,0.3795115,0.47596368,0.8137925,0.76426387,0.7623163,0.5752064,0.45848417,0.6149918,0.6902421,0.40115973,0.5870083,0.6227289,0.43993303,0.3151032,-0.30401295
0.96371067,0.7865354,0.80127597,0.32359922,0.77142376,0.25062662,0.2684149,0.7893548,0.4313087,0.48138136,0.45213357,0.73309696,0.48799333,0.54102546,0.37356132,0.47385547,0.81977195,0.75254524,0.5186628,0.5807861,0.5616053,0.5168488,0.66841304,0.36830583,0.5478551,0.35970944,0.41920984,0.31185368,-0.2922586
0.9782847,0.7731365,0.82890874,0.28546184,0.7673938,0.25515878,0.26674908,0.7849474,0.44789445,0.49660245,0.420983,0.7288634,0.42430544,0.6109601,0.3747337,0.46204636,0.7643445,0.67089987,0.5233937,0.57917106,0.5604774,0.504052,0.66483694,0.39706203,0.6024865,0.48569256,0.4161734,0.31375647,-0.35019085
0.98357904,0.75535065,0.8386967,0.17782445,0.7591335,0.26521,0.2582952,0.7867967,0.39618695,0.5416066,0.3191252,0.6742044,0.42901608,0.6468998,0.3561459,0.44236732,0.739304,0.67878944,0.56353605,0.5763204,0.5582945,0.50008035,0.66480464,0.26728597,0.5985348,0.40255654,0.41717866,0.31307375,-0.2932581
0.92267513,0.7606427,0.8581296,0.12636499,0.76638013,0.2703402,0.26448023,0.7977389,0.51953506,0.45585823,0.2540463,0.7089379,0.26575887,0.6572458,0.35340145,0.39650515,0.76888996,0.5207866,0.40885708,0.5795404,0.56554157,0.53961134,0.66412735,0.25543767,0.6137929,0.43514252,0.41965172,0.31174996,0.060772434
0.9746279,0.76597923,0.84162104,0.3002244,0.7634778,0.26014587,0.26583904,0.7863305,0.45895976,0.5114838,0.37391558,0.717336,0.33895537,0.6764405,0.38187066,0.44827792,0.72392124,0.65366304,0.521334,0.5796015,0.56409633,0.52104133,0.6635904,0.4100131,0.6048215,0.37081084,0.41652024,0.31357914,0.039902423
0.951164,0.7679563,0.8715719,0.21665478,0.76129115,0.25574076,0.26513922,0.785206,0.40869385,0.51400894,0.311638,0.6848152,0.47085953,0.64020526,0.42332146,0.46205398,0.7586511,0.5189312,0.6326006,0.5833071,0.56301665,0.5146035,0.6678073,0.46141788,0.550213,0.35515115,0.41890767,0.31584626,-0.23348671
0.94307995,0.77020705,0.8558364,0.17683353,0.7624748,0.2519791,0.2650961,0.7898486,0.48020974,0.4785408,0.2214327,0.6991787,0.39832512,0.65924406,0.39521664,0.46268368,0.7206764,0.6531407,0.57426566,0.5790937,0.5610526,0.49323356,0.6668702,0.38746232,0.54030716,0.47522458,0.41586202,0.3139229,-0.2518779
0.9214294,0.8056621,0.7592878,0.37297842,0.7514264,0.239483,0.23955388,0.8036591,0.41781536,0.36975554,0.6631083,0.37999493,0.48315853,0.39366934,0.30357763,0.3318604,0.54793894,0.5661117,0.59127057,0.5855974,0.5718788,0.48654136,0.66542584,0.39189512,0.5830712,0.4758409,0.42671052,0.31919056,-0.3492313
0.97768766,0.78088236,0.8125835,0.34316856,0.7720499,0.2533852,0.26773846,0.784393,0.46164903,0.46412957,0.34953478,0.7058667,0.48248097,0.47612578,0.35988957,0.4754672,0.8481488,0.7274319,0.47684604,0.58020234,0.55557126,0.47670123,0.6632964,0.3411116,0.61705977,0.37439474,0.41847205,0.31566173,-0.3492313
0.95408803,0.766705,0.85405654,0.14156574,0.7634113,0.2537829,0.26633343,0.78472906,0.52616656,0.4706109,0.27318624,0.74062717,0.45876658,0.6422399,0.43806428,0.40163162,0.74074304,0.6371583,0.63450396,0.5789457,0.56435657,0.54787856,0.665488,0.39718226,0.5577831,0.28429696,0.41785106,0.31539524,-0.3275217
0.86277497,0.8039841,0.72996473,0.44304356,0.7305331,0.24952957,0.23354897,0.814164,0.3621399,0.372972,0.47624603,0.44557542,0.47360125,0.38529426,0.37405354,0.24974547,0.422796,0.3680908,0.7349042,0.57860124,0.57678694,0.4900188,0.66022575,0.40885386,0.5868448,0.36373693,0.41256908,0.32244912,0.52554995
0.83289045,0.68866026,0.75603366,0.41720876,0.8074431,0.19861066,0.22982967,0.8010164,0.44051936,0.4253608,0.43567127,0.5794863,0.29413584,0.4524753,0.27074128,0.40013728,0.6756614,0.6877194,0.57399166,0.6114919,0.58044636,0.46437502,0.6613002,0.29655045,0.58484113,0.4915601,0.42952207,0.28816354,-0.21329638
0.88557196,0.7822531,0.76968956,0.38238853,0.7652033,0.2428862,0.24784584,0.7762032,0.4959768,0.44178197,0.48400858,0.41914704,0.30532625,0.25698122,0.22557072,0.2527888,0.4613396,0.3835691,0.6168474,0.5781469,0.5592216,0.46768585,0.6553334,0.33518368,0.5810655,0.23761068,0.3831046,0.32779682,-0.3488315
0.8532037,0.84220535,0.6116144,0.60704327,0.71263313,0.22305933,0.19085139,0.8387112,0.31643322,0.240471,0.8019429,0.056565285,0.45371664,0.17141837,0.40802157,0.055796556,0.18729585,0.20472966,0.838037,0.585418,0.6018252,0.5325019,0.67257625,0.4307869,0.5614398,0.3929105,0.4127471,0.32121933,-0.17371532
0.9109419,0.7665056,0.8113291,0.40095496,0.74311423,0.2687087,0.26720542,0.7957574,0.38541323,0.43317533,0.34399486,0.559659,0.37391558,0.5390575,0.2521508,0.3554004,0.56140745,0.45312238,0.4730528,0.5973801,0.57571286,0.49854568,0.69145566,0.41186893,0.58667904,0.38201502,0.42058447,0.31832045,2.568812
0.9921067,0.7644525,0.82319856,0.26295865,0.7639851,0.25636116,0.26330683,0.7847596,0.52891827,0.5074301,0.3695257,0.6000338,0.41397163,0.72616184,0.3125287,0.47526544,0.72805,0.67785865,0.583618,0.57693666,0.5518963,0.43208894,0.6730179,0.30440995,0.53267705,0.4240754,0.41434577,0.31171793,-0.24520111
0.97972214,0.79603016,0.7432325,0.48877022,0.77545774,0.2485159,0.2598805,0.78670555,0.36809906,0.44246477,0.4037035,0.5539439,0.49301064,0.36073092,0.2769118,0.42816776,0.6912466,0.64611775,0.44876164,0.58360153,0.56485003,0.490161,0.66314006,0.37969822,0.61339545,0.45696172,0.4251525,0.3188158,-0.34687245
0.9311082,0.73045343,0.7254831,0.3958588,0.7548468,0.25034785,0.2671114,0.78486025,0.43746135,0.41682935,0.46037525,0.56076384,0.28560427,0.4407418,0.28835306,0.39986977,0.67057514,0.6804071,0.56982607,0.614224,0.5806817,0.46491387,0.64370054,0.29811934,0.56800133,0.4908445,0.419334,0.32281938,5.6636105
0.8815497,0.7936394,0.76785797,0.30465758,0.74897486,0.24880856,0.2394902,0.7989559,0.50304395,0.41533095,0.50499463,0.47388893,0.43977576,0.5053537,0.266726,0.39800125,0.63369983,0.66957575,0.5636191,0.5690198,0.58287036,0.5148359,0.6729803,0.34477141,0.58574945,0.43600225,0.39856344,0.32025403,-0.34415373
0.9050183,0.7979862,0.78629714,0.15454878,0.7824223,0.29615158,0.26542193,0.7844867,0.5393463,0.5821601,0.29013547,0.70646006,0.42799225,0.63742816,0.4160831,0.42437944,0.7129758,0.64335376,0.5342185,0.5910575,0.5762241,0.5446119,0.66936076,0.47385162,0.56290215,0.38980195,0.4319007,0.33126542,-0.34471348
0.9285218,0.78609246,0.8272445,0.12288663,0.7702795,0.25486383,0.27058488,0.78922516,0.48741868,0.50411916,0.1898819,0.70350397,0.4481378,0.6513933,0.30847162,0.4664819,0.70405644,0.6119123,0.5121703,0.58407265,0.5548515,0.4614642,0.66415274,0.38505834,0.5921662,0.49106684,0.42601606,0.3201358,-0.3492313
0.9911661,0.77412397,0.8324411,0.42870727,0.76784396,0.2620199,0.26522464,0.783537,0.48030478,0.53092104,0.25985998,0.59950256,0.5750567,0.69887835,0.2282761,0.4782484,0.7275844,0.64613175,0.43180713,0.57659775,0.55868095,0.50112206,0.66870046,0.35304788,0.5702337,0.40422067,0.41558665,0.31208727,-0.3492313
0.9800763,0.7744534,0.82892466,0.34532204,0.7730598,0.26733866,0.26826805,0.78463274,0.42832604,0.52294105,0.1948648,0.6904263,0.48200902,0.6600175,0.3761615,0.4631156,0.71018344,0.6172322,0.5070674,0.5788382,0.56025875,0.50134915,0.66168666,0.20399882,0.6257079,0.45555413,0.41607407,0.31298566,-0.3356378
0.93405724,0.81096244,0.6675225,0.54744047,0.73374265,0.24217635,0.20388654,0.8153278,0.35083982,0.27243713,0.9306687,0.10231028,0.49064842,0.1520992,0.40453082,0.060507786,0.19105564,0.17730515,0.8106304,0.59528553,0.591555,0.5290553,0.67443043,0.27856484,0.47988027,0.5074555,0.45300663,0.32756454,-0.3492313
0.9915043,0.78445786,0.76225615,0.35736123,0.7799433,0.2470956,0.2693382,0.7833164,0.5047244,0.450189,0.49368757,0.556515,0.3697017,0.48787102,0.26392123,0.5083366,0.9061745,0.8961597,0.4698952,0.5778096,0.5538314,0.46456477,0.66471845,0.37906426,0.59823734,0.33222407,0.4169838,0.31478548,-0.3492313
0.9821891,0.7629298,0.8487027,0.24059607,0.7589176,0.2553174,0.26145482,0.78264123,0.49100617,0.51116866,0.30764368,0.600129,0.5904298,0.677504,0.24336565,0.4665541,0.7718507,0.5491602,0.6209824,0.5802929,0.5586827,0.5034583,0.66515124,0.4310835,0.60834056,0.37922546,0.41630852,0.31325257,-0.33323896
0.87943375,0.7978797,0.8101568,0.36307663,0.75984746,0.25255445,0.2556453,0.7504706,0.5285403,0.53101337,0.48381236,0.45760047,0.5334425,0.53622276,0.41218522,0.2953564,0.57800835,0.49203357,0.7163135,0.575307,0.59313345,0.49988863,0.65727544,0.46922106,0.5580043,0.3255179,0.3443767,0.29950216,-0.3076912
0.8503754,0.7422478,0.7529299,0.35544077,0.7602664,0.25886092,0.24048564,0.8094039,0.39435333,0.4018532,0.4602899,0.5486934,0.41480646,0.5277612,0.3677833,0.28702128,0.50084984,0.41837114,0.61941046,0.5822553,0.5828425,0.56725866,0.6433768,0.18405366,0.5644317,0.4439021,0.43331838,0.2999142,0.42903614
0.9639595,0.7851945,0.7924189,0.41346323,0.76177764,0.25643778,0.25149116,0.7926286,0.3924223,0.45006955,0.45190912,0.5386298,0.34230903,0.46693105,0.34852454,0.40612113,0.5830842,0.6300447,0.5536207,0.583772,0.5690434,0.5032965,0.6607113,0.27852494,0.62325346,0.46271855,0.4266812,0.31932285,-0.27742568
0.994732,0.770351,0.7965688,0.27414474,0.77110857,0.24593511,0.27177548,0.778019,0.4546735,0.5139198,0.24269679,0.71957433,0.47406015,0.6709374,0.31553686,0.4215626,0.7281533,0.5967239,0.55965185,0.577762,0.5658755,0.5579279,0.6626428,0.3867826,0.61699027,0.5445125,0.41436145,0.3112245,-0.3531894
0.7341666,0.9021692,0.6657455,0.39911795,0.7333949,0.32093182,0.15112303,0.38470033,0.44929206,0.4041876,0.54733986,0.5304124,0.30052358,0.3409967,0.31942666,0.25181445,0.5495838,0.4366974,0.56734246,0.543073,1.0,0.09545177,0.7441968,0.2960706,0.5926808,0.4076635,0.43994424,0.33218732,-0.3492313
0.97894806,0.7691258,0.8465392,0.27445152,0.76270455,0.25624725,0.26499712,0.7849257,0.4568328,0.5110171,0.37056887,0.73848945,0.44472852,0.6625683,0.3633919,0.4656591,0.7119979,0.65244836,0.57680964,0.5792186,0.5581175,0.4794582,0.66731185,0.42489085,0.5878915,0.43820262,0.4158679,0.31329367,-0.34291434
0.9936599,0.7677879,0.8015832,0.27174902,0.7708604,0.25995228,0.2662123,0.7831583,0.48635307,0.49820834,0.21481575,0.71800804,0.5118112,0.5989831,0.29951644,0.44945788,0.7497806,0.6571971,0.5744847,0.57937396,0.5619195,0.52892464,0.6642451,0.38677704,0.5964169,0.54553837,0.41555268,0.31226853,-0.30381304
0.9563509,0.7781911,0.87180054,0.3906026,0.76073235,0.2785897,0.2549911,0.76174515,0.41998607,0.5142991,0.36219978,0.73936576,0.43785575,0.6635873,0.36524957,0.4512558,0.7400307,0.6715215,0.58078533,0.58806837,0.5448282,0.56584436,0.66375756,0.4165574,0.61701226,0.5042426,0.41890988,0.317668,-0.35242978
0.9935363,0.772475,0.80121297,0.30934185,0.77349484,0.2526216,0.27097237,0.77802706,0.4947444,0.50799924,0.26952973,0.6327536,0.67901385,0.7126289,0.28397724,0.43799797,0.73033667,0.6496627,0.5379445,0.57857865,0.561599,0.5285335,0.66264015,0.284268,0.61580914,0.3572663,0.41535875,0.311655,-0.20929828
0.9931657,0.76618034,0.8187216,0.27031985,0.7646056,0.25152805,0.2661507,0.7824264,0.48444334,0.51041776,0.23826253,0.70970917,0.40754423,0.6594341,0.34767732,0.44501978,0.72537273,0.5923216,0.5694167,0.57741266,0.55680424,0.47627315,0.6706882,0.37828806,0.55919313,0.45860952,0.41519248,0.31187126,-0.3453132
0.98133594,0.7631198,0.83659136,0.22067522,0.7609076,0.2516211,0.26446578,0.7824113,0.41408888,0.52599216,0.38473195,0.7147567,0.4701779,0.6537499,0.31247866,0.47697607,0.73719823,0.5755429,0.62654996,0.58155805,0.566568,0.54724735,0.6625618,0.4640144,0.6205563,0.41359988,0.41595584,0.31307718,-0.2333268
0.9742849,0.7596867,0.8554487,0.2589292,0.75897264,0.26754335,0.26128972,0.7884076,0.49193907,0.5006934,0.35793376,0.7664406,0.48291138,0.6319263,0.2764114,0.44203675,0.7352847,0.60913056,0.59165615,0.58166534,0.56002396,0.5011853,0.6655203,0.3973605,0.5788718,0.5794964,0.4158584,0.31349948,0.06257157
0.9350026,0.7669897,0.78932846,0.36942598,0.7960863,0.22994845,0.2646315,0.7852323,0.43064752,0.4541543,0.45528507,0.6833432,0.3896185,0.4290124,0.32481316,0.49145186,0.89326817,0.87982094,0.5525621,0.5877323,0.5607047,0.48207134,0.66650575,0.30133706,0.5987503,0.36485422,0.4167319,0.31608453,-0.3492313
0.8540849,0.79829556,0.7404778,0.39639208,0.7299324,0.256612,0.23808426,0.80357814,0.40743044,0.4028478,0.5217944,0.40018,0.38943303,0.35484758,0.50230545,0.25098637,0.41016632,0.36746454,0.70103776,0.57158667,0.5754775,0.5470588,0.6686614,0.3792717,0.5860953,0.53408915,0.38542473,0.3194187,0.8258062
0.9778786,0.7658299,0.8479558,0.2879498,0.76174355,0.26096717,0.26373526,0.7866334,0.48797482,0.50417954,0.246038,0.69872516,0.33971554,0.6522869,0.35607934,0.4362207,0.7414142,0.5842095,0.5529668,0.57803375,0.5569872,0.47752845,0.66708845,0.39124763,0.5898895,0.46026814,0.41632196,0.3133914,-0.27330765
0.9469073,0.7772317,0.8479849,0.36896205,0.74748766,0.28265145,0.25545824,0.729285,0.470021,0.46589643,0.2537803,0.74187213,0.44166526,0.5953301,0.30263662,0.43890864,0.7970947,0.7021005,0.6346261,0.5959696,0.5211068,0.5770424,0.6706543,0.46961477,0.61044556,0.43781993,0.42291057,0.31885076,0.94123095
0.9565996,0.7967541,0.72609735,0.39588973,0.7547278,0.23520349,0.2512692,0.7956942,0.39746603,0.40694252,0.46687365,0.50451714,0.33485025,0.40948212,0.4856268,0.32735497,0.6580486,0.5938292,0.7451841,0.583895,0.57192093,0.5159358,0.6684625,0.38337883,0.56811136,0.51942164,0.41933268,0.31113163,0.02586914
0.9568246,0.76987547,0.863754,0.21577133,0.76509184,0.25306517,0.26805672,0.7786186,0.42352962,0.5195106,0.29882059,0.6680563,0.49230117,0.58884215,0.41087008,0.47967952,0.75896174,0.5826874,0.6641641,0.58448464,0.55988,0.50683445,0.66549665,0.42386383,0.53574824,0.33450025,0.41123763,0.308409,-0.30525237
0.99452037,0.77470356,0.77623063,0.27474993,0.77599716,0.24576427,0.2722566,0.77922595,0.46722043,0.4880157,0.27391633,0.69198877,0.40401894,0.59823835,0.3598521,0.4370395,0.7815344,0.695313,0.54603577,0.57801694,0.56411904,0.54286844,0.661794,0.44422555,0.6295642,0.39006948,0.416027,0.3126165,-0.3492313
0.9395479,0.7790867,0.8598681,0.22458649,0.7663944,0.26840907,0.26748222,0.7903781,0.4544909,0.48323292,0.2109916,0.73321974,0.58125615,0.63993496,0.3826355,0.4538338,0.7177478,0.653486,0.60869914,0.5801749,0.55913454,0.48792014,0.6629998,0.4063792,0.60400254,0.35596284,0.41374993,0.31304458,-0.15332508
0.7832956,0.8356646,0.57616174,0.542472,0.7059347,0.21806122,0.17457888,0.82657844,0.3126393,0.20803629,0.73655623,0.10734149,0.45878357,0.25712976,0.330569,0.08466935,0.17403959,0.17392859,0.73603404,0.5814711,0.5858011,0.5586236,0.6552936,0.45951894,0.48796043,0.36116746,0.40785626,0.3152733,-0.3492313
0.92874455,0.781445,0.8281536,0.39357477,0.7629145,0.2503319,0.25109395,0.7930338,0.41399208,0.446722,0.329735,0.53094554,0.29910922,0.48610356,0.24304448,0.36871913,0.57549244,0.5174754,0.51616895,0.5802946,0.5676565,0.5000501,0.6604342,0.41418007,0.59171534,0.41822383,0.42593783,0.31760764,-0.3532294
0.9461398,0.7736799,0.85743684,0.24006926,0.76192117,0.2567973,0.2696097,0.7861346,0.45818654,0.48750818,0.37452176,0.688442,0.32523125,0.60990787,0.3578748,0.4931671,0.737635,0.7434633,0.49333927,0.5782745,0.56358725,0.5211985,0.6640937,0.43769333,0.56577486,0.48325664,0.4153599,0.313295,0.16252373
0.8563031,0.72578335,0.83729154,0.32794005,0.78870374,0.23959796,0.2537713,0.75592834,0.4933587,0.50770336,0.27617958,0.6735012,0.30166087,0.61809576,0.44003674,0.487161,0.7467275,0.6497567,0.46715415,0.5363104,0.5792389,0.46373117,0.65506387,0.4010853,0.56639093,0.3482807,0.44928038,0.31100762,0.89381367
0.87984884,0.8059126,0.74561644,0.42396986,0.74374616,0.25378463,0.2305375,0.7942999,0.37813944,0.3902363,0.49494576,0.45961684,0.36993402,0.40892968,0.39497003,0.23392862,0.48159498,0.34304798,0.6529543,0.5765764,0.60497516,0.50876766,0.67088056,0.3656584,0.5610412,0.3862454,0.41312465,0.31163517,-0.3492313
0.9518468,0.80013657,0.8015761,0.46010268,0.78236914,0.262237,0.2730012,0.787156,0.35408902,0.4996973,0.27259302,0.6508204,0.51448697,0.5228525,0.41623402,0.48442474,0.8370066,0.7873276,0.62337947,0.583042,0.5608175,0.5006973,0.6598623,0.33875984,0.5802602,0.5075909,0.41531068,0.31700847,-0.32300386
0.7001994,0.877337,0.4972621,0.6086059,0.6792902,0.24415973,0.13522963,0.7455046,0.25713146,0.15407045,0.6362766,0.1923544,0.41338894,0.36580914,0.18493369,0.12509222,0.22930437,0.16641547,0.68183386,0.5979133,0.5054757,0.592389,0.69069874,0.4336528,0.49856788,0.25833052,0.36787927,0.3037093,-0.3492313
0.94137526,0.77993274,0.8442633,0.21265195,0.7772037,0.25932926,0.2719923,0.7831239,0.4418132,0.48460802,0.22329319,0.7074542,0.53943145,0.6028676,0.32693088,0.4615139,0.7359544,0.64482075,0.5849808,0.58003473,0.5553679,0.45819342,0.6584554,0.3799616,0.6128103,0.4750795,0.41174117,0.31427783,-0.34807187
0.9065878,0.7339441,0.85627514,0.35338384,0.77487046,0.25231394,0.26733896,0.78465825,0.45344606,0.49137193,0.26063257,0.6852292,0.5006967,0.58916116,0.4858886,0.47055653,0.7485551,0.7719539,0.58544165,0.60265,0.5721463,0.530346,0.6858679,0.3426443,0.5936123,0.40170377,0.41184533,0.31384963,1.7617582
0.9548348,0.77341235,0.7881634,0.22958091,0.7712989,0.25545016,0.27854425,0.7848279,0.44458172,0.50078964,0.15348805,0.66515815,0.34057283,0.69046307,0.28091612,0.43737808,0.720033,0.65774757,0.5607291,0.5825723,0.5707653,0.57273525,0.67256117,0.39058366,0.5232556,0.49033123,0.4217395,0.31990972,0.606951
0.9756625,0.7702732,0.85527223,0.35382405,0.7652442,0.27275845,0.26245743,0.7898256,0.43760982,0.5242095,0.37799984,0.7330536,0.4535638,0.65648615,0.37841192,0.4664213,0.7180066,0.63138485,0.43394047,0.5783999,0.5655561,0.5446925,0.6652021,0.34550637,0.59241784,0.44796464,0.4172784,0.31340957,-0.31064978
0.9415001,0.78142756,0.86249566,0.2520319,0.76347435,0.25531533,0.2683945,0.78790593,0.45199516,0.50725627,0.30427578,0.7216082,0.46966952,0.6519907,0.4137071,0.4416339,0.7345013,0.5831223,0.51814455,0.58190644,0.5582062,0.4929602,0.6666726,0.46217126,0.5621195,0.43286273,0.41857928,0.3107999,-0.31676686
0.92323697,0.7730471,0.8923046,0.23011129,0.758413,0.2739076,0.26055866,0.7924864,0.572631,0.50319916,0.38278684,0.6632733,0.57001746,0.63958776,0.11008872,0.4341576,0.75909543,0.6512782,0.52967244,0.58437663,0.5583288,0.5425742,0.6596312,0.42165583,0.5965628,0.6076149,0.41921315,0.30919662,-0.2692696
0.9418526,0.7893956,0.7469077,0.54071575,0.737525,0.28427586,0.27113512,0.75912154,0.35241926,0.44512135,0.3478131,0.5732244,0.49271372,0.46938667,0.3119275,0.39056352,0.66076964,0.59597737,0.6376689,0.5924802,0.54788566,0.54719883,0.68495226,0.33468285,0.4785124,0.44147822,0.43417072,0.3164271,3.3462398
0.48518765,0.9318423,0.33620614,0.5364543,0.62874615,0.21447663,0.14832062,0.98200244,0.33639845,0.34301546,0.5411727,0.47772515,0.5364948,0.4584189,0.3280489,0.27472702,0.39441326,0.3289812,0.6206787,0.59834325,0.5905309,0.41379514,0.64657533,0.40452296,0.69014347,0.39097235,0.44096392,0.3209994,0.046539247
0.9046264,0.78588647,0.77866685,0.29570127,0.7555515,0.25014096,0.24878767,0.7930908,0.40558952,0.4292511,0.48050144,0.55694175,0.5219732,0.481359,0.2950615,0.2971034,0.45991167,0.47583118,0.6805749,0.5800248,0.57954293,0.5849082,0.6562463,0.3483739,0.56440514,0.42474157,0.41216457,0.31349176,-0.016270688
0.9576579,0.7805403,0.85256284,0.3832818,0.77250606,0.26335615,0.27127984,0.78476226,0.41323498,0.5228404,0.18396652,0.7011672,0.49370876,0.6364025,0.18313745,0.46438497,0.7102438,0.6232297,0.44690818,0.5781891,0.5640233,0.53725064,0.6625586,0.36891237,0.57393026,0.42984304,0.41742224,0.3140612,-0.3229639
0.9438824,0.79595715,0.72999257,0.38688755,0.74348795,0.24299087,0.24260208,0.8016912,0.37497866,0.41492525,0.4213447,0.5056707,0.4788911,0.50187564,0.43465355,0.24362142,0.47793826,0.39846972,0.83905596,0.583668,0.57961863,0.5475963,0.6683907,0.38697818,0.5785891,0.523728,0.41904828,0.30964568,0.15508729
0.93107814,0.7685899,0.88325626,0.29945275,0.76603746,0.2759041,0.26597002,0.7875006,0.51359737,0.50511247,0.4285024,0.6285968,0.54246,0.68279743,0.3427984,0.43102467,0.75447917,0.67641777,0.55417556,0.57787615,0.5603836,0.55169356,0.66929966,0.3370525,0.5949358,0.4061268,0.41948232,0.30821615,-0.044457197
0.9501132,0.7784381,0.84862727,0.29207408,0.77123225,0.262103,0.26842675,0.7871132,0.43642515,0.4973314,0.37331203,0.70022166,0.3860307,0.61848515,0.40487057,0.4557488,0.75655055,0.7180437,0.5846102,0.57981265,0.56261814,0.51901066,0.6628398,0.3230915,0.5913368,0.3898673,0.41516626,0.3133362,-0.3492313
0.9787641,0.8014248,0.73326325,0.50553054,0.7761401,0.23968361,0.26059222,0.7862074,0.36025336,0.42450988,0.4871216,0.5327874,0.44340518,0.29245263,0.3403094,0.45584193,0.7445806,0.71114486,0.38984373,0.5838659,0.5630648,0.47057137,0.66496986,0.43898344,0.59970623,0.43460152,0.42558897,0.3200407,-0.3532294
